	subj	percentValid	centX	centY	centDist	centAngle	RMS
1	001	1.0741975308642	628.581358024691	726.445962962963	1.83083950617284	283.599234567901	0.801148148148148
